<?xml version="1.0" encoding="utf-8"?>
<StructureDefinition xmlns="http://hl7.org/fhir">
  <id value="ext-AddressInformation.AddressType" />
  <meta>
    <lastUpdated value="2022-01-27T13:17:51.7976114+00:00" />
  </meta>
  <url value="https://fhir.healthdata.be/StructureDefinition/ext-AddressInformation.AddressType" />
  <name value="ExtAddressInformationAddressType" />
  <title value="ext AddressInformation.AddressType" />
  <status value="draft" />
  <publisher value="Healthdata.be (Sciensano)" />
  <contact>
    <name value="Healthdata.be (Sciensano)" />
    <telecom>
      <system value="email" />
      <value value="fhir.healthdata@sciensano.be" />
      <use value="work" />
    </telecom>
  </contact>
  <description value="An extension to bind the zib AddressInformation ValueSet &quot;AddressType&quot; to the FHIR _Address_ datatype." />
  <copyright value="Copyright and related rights waived via CC0, https://creativecommons.org/publicdomain/zero/1.0/. This does not apply to information from third parties, for example a medical terminology system. The implementer alone is responsible for identifying and obtaining any necessary licenses or authorizations to utilize third party IP in connection with the specification or otherwise." />
  <fhirVersion value="4.0.1" />
  <mapping>
    <identity value="zib-addressinformation-v1.1-2020EN" />
    <uri value="https://zibs.nl/wiki/AddressInformation-v1.1(2020EN)" />
    <name value="zib AddressInformation-v1.1(2020EN)" />
  </mapping>
  <mapping>
    <identity value="hdbe-addressinformation" />
    <uri value="https://fhir.healthdata.be/StructureDefinition/LogicalModel/HdBe-AddressInformation" />
    <name value="HdBe logical model AddressInformation" />
  </mapping>
  <kind value="complex-type" />
  <abstract value="false" />
  <context>
    <type value="element" />
    <expression value="Address" />
  </context>
  <type value="Extension" />
  <baseDefinition value="http://hl7.org/fhir/StructureDefinition/Extension" />
  <derivation value="constraint" />
  <differential>
    <element id="Extension.url">
      <path value="Extension.url" />
      <fixedUri value="https://fhir.healthdata.be/StructureDefinition/ext-AddressInformation.AddressType" />
    </element>
    <element id="Extension.value[x]">
      <path value="Extension.value[x]" />
      <short value="AddressType" />
      <definition value="The type of address in question, such as a home address or mailing address." />
      <alias value="AdresSoort" />
      <type>
        <code value="CodeableConcept" />
      </type>
      <binding>
        <strength value="extensible" />
        <description value="AddressType" />
        <valueSet value="https://fhir.healthdata.be/ValueSet/AddressType" />
      </binding>
      <mapping>
        <identity value="zib-addressinformation-v1.1-2020EN" />
        <map value="NL-CM:20.5.8" />
        <comment value="AddressType" />
      </mapping>
      <mapping>
        <identity value="hdbe-addressinformation" />
        <map value="address_type" />
      </mapping>
    </element>
  </differential>
</StructureDefinition>