<?xml version="1.0" encoding="UTF-8"?>
<StructureDefinition xmlns="http://hl7.org/fhir">
   <id value="ext-Comment"/>
   <url value="https://fhir.healthdata.be/StructureDefinition/ext-Comment"/>
   <name value="ExtComment"/>
   <title value="ext Comment"/>
   <status value="draft"/>
   <publisher value="Healthdata.be (Sciensano)"/>
   <contact>
      <name value="Healthdata.be (Sciensano)"/>
      <telecom>
         <system value="email"/>
         <value value="fhir.healthdata@sciensano.be"/>
         <use value="work"/>
      </telecom>
   </contact>
   <description value="This extension provides a generic method to extend profiles with a comment element."/>
   <copyright value="Copyright and related rights waived via CC0, https://creativecommons.org/publicdomain/zero/1.0/. This does not apply to information from third parties, for example a medical terminology system. The implementer alone is responsible for identifying and obtaining any necessary licenses or authorizations to utilize third party IP in connection with the specification or otherwise."/>
   <fhirVersion value="4.0.1"/>
   <kind value="complex-type"/>
   <abstract value="false"/>
   <context>
        <type value="fhirpath"/>
        <expression value="Resource"/>
    </context>
   <context>
        <type value="fhirpath"/>
        <expression value="Resource.descendants()"/>
    </context>
   <type value="Extension"/>
   <baseDefinition value="http://hl7.org/fhir/StructureDefinition/Extension"/>
   <derivation value="constraint"/>
   <differential>
        <element id="Extension.url">
            <path value="Extension.url"/>
            <fixedUri value="https://fhir.healthdata.be/StructureDefinition/ext-Comment"/>
        </element>
        <element id="Extension.value[x]">
            <path value="Extension.value[x]"/>
            <type>
                <code value="string"/>
            </type>
        </element>
    </differential>
</StructureDefinition>
