<?xml version="1.0" encoding="UTF-8"?>
<StructureDefinition xmlns="http://hl7.org/fhir">
   <id value="HdBe-ContactInformation-EmailAddresses"/>
   <url value="https://fhir.healthdata.be/StructureDefinition/HdBe-ContactInformation-EmailAddresses"/>
   <name value="HdBeContactInformationEmailAddresses"/>
   <title value="HdBe ContactInformation EmailAddresses"/>
   <status value="draft"/>
   <publisher value="Healthdata.be (Sciensano)"/>
   <contact>
      <name value="Healthdata.be (Sciensano)"/>
      <telecom>
         <system value="email"/>
         <value value="fhir.healthdata@sciensano.be"/>
         <use value="work"/>
      </telecom>
   </contact>
   <description value="Contact information includes a person's telephone numbers en e-mail addresses."/>
   <copyright value="Copyright and related rights waived via CC0, https://creativecommons.org/publicdomain/zero/1.0/. This does not apply to information from third parties, for example a medical terminology system. The implementer alone is responsible for identifying and obtaining any necessary licenses or authorizations to utilize third party IP in connection with the specification or otherwise."/>
   <fhirVersion value="4.0.1"/>
   <mapping>
        <identity value="zib-contactinformation-v1.2-2020EN"/>
        <uri value="https://zibs.nl/wiki/ContactInformation-v1.2(2020EN)"/>
        <name value="zib ContactInformation-v1.2(2020EN)"/>
    </mapping>
   <kind value="complex-type"/>
   <abstract value="false"/>
   <type value="ContactPoint"/>
   <baseDefinition value="http://hl7.org/fhir/StructureDefinition/ContactPoint"/>
   <derivation value="constraint"/>
   <differential>
        <element id="ContactPoint">
            <path value="ContactPoint"/>
            <short value="EmailAddresses"/>
            <comment value="The &#34;EmailAddresses&#34; concept of zib ContactInformation."/>
            <alias value="EmailAdressen"/>
            <mapping>
                <identity value="zib-contactinformation-v1.2-2020EN"/>
                <map value="NL-CM:20.6.3"/>
                <comment value="EmailAddresses"/>
            </mapping>
        </element>
        <element id="ContactPoint.system">
            <path value="ContactPoint.system"/>
            <short value="email"/>
            <min value="1"/>
            <fixedCode value="email"/>
        </element>
        <element id="ContactPoint.value">
            <path value="ContactPoint.value"/>
            <short value="EmailAddress"/>
            <alias value="EmailAdres"/>
            <mapping>
                <identity value="zib-contactinformation-v1.2-2020EN"/>
                <map value="NL-CM:20.6.7"/>
                <comment value="EmailAddress"/>
            </mapping>
        </element>
        <element id="ContactPoint.use">
            <path value="ContactPoint.use"/>
            <short value="EmailAddressType"/>
            <alias value="EmailSoort"/>
            <binding>
                <strength value="required"/>
                <description value="Use ConceptMap NumberTypeCodelist-to-ContactInformation-EmailAddressesUse to translate terminology from the functional model to profile terminology in ValueSet ContactInformation-EmailAddressesUse."/>
                <valueSet value="http://nictiz.nl/fhir/ValueSet/ContactInformation-EmailAddressesUse">
                    <extension url="http://hl7.org/fhir/StructureDefinition/11179-permitted-value-conceptmap">
                        <valueCanonical value="https://fhir.healthdata.be/ConceptMap/EmailAddressType-to-ContactInformation-EmailAddressesUse"/>
                    </extension>
                </valueSet>
            </binding>
            <mapping>
                <identity value="zib-contactinformation-v1.2-2020EN"/>
                <map value="NL-CM:20.6.8"/>
                <comment value="EmailAddressType"/>
            </mapping>
        </element>
    </differential>
</StructureDefinition>
