<?xml version="1.0" encoding="utf-8"?>
<StructureDefinition xmlns="http://hl7.org/fhir">
  <id value="HdBe-Patient" />
  <url value="https://fhir.healthdata.be/StructureDefinition/HdBe-Patient" />
  <name value="HdBePatient" />
  <title value="HdBe Patient" />
  <status value="draft" />
  <experimental value="false" />
  <publisher value="Healthdata.be (Sciensano)" />
  <contact>
    <name value="Healthdata.be (Sciensano)" />
    <telecom>
      <system value="email" />
      <value value="fhir.healthdata@sciensano.be" />
      <use value="work" />
    </telecom>
  </contact>
  <description value="A person who receives medical, psychological, paramedical or nursing care. In some care settings, the term client or participant is used instead of the term patient.&#xD;&#xA;Nationality is used as an indication of the country of citizenship. &#xD;&#xA;Marital status is a person’s formal position as defined by the Dutch civil code. There is a distinction between marriage and civil union." />
  <copyright value="Copyright and related rights waived via CC0, https://creativecommons.org/publicdomain/zero/1.0/. This does not apply to information from third parties, for example a medical terminology system. The implementer alone is responsible for identifying and obtaining any necessary licenses or authorizations to utilize third party IP in connection with the specification or otherwise." />
  <fhirVersion value="4.0.1" />
  <mapping>
    <identity value="hdbe-patient" />
    <uri value="https://fhir.healthdata.be/StructureDefinition/LogicalModel/HdBe-Patient" />
    <name value="HdBe logical model Patient" />
  </mapping>
  <mapping>
    <identity value="zib-patient-v3.2-2020EN" />
    <uri value="https://zibs.nl/wiki/Patient-v3.2(2020EN)" />
    <name value="zib Patient-v3.2(2020EN)" />
  </mapping>
  <mapping>
    <identity value="hdbe-nationality" />
    <uri value="https://fhir.healthdata.be/StructureDefinition/LogicalModel/HdBe-Nationality" />
    <name value="HdBe logical model Nationality" />
  </mapping>
  <mapping>
    <identity value="zib-nationality-v3.0-2020EN" />
    <uri value="https://zibs.nl/wiki/Nationality-v3.0(2020EN)" />
    <name value="zib Nationality-v3.0(2020EN)" />
  </mapping>
  <mapping>
    <identity value="hdbe-MaritalStatus" />
    <uri value="https://fhir.healthdata.be/StructureDefinition/LogicalModel/HdBe-MaritalStatus" />
    <name value="HdBe logical model MaritalStatus" />
  </mapping>
  <mapping>
    <identity value="zib-maritalstatus-v3.1-2020EN" />
    <uri value="https://zibs.nl/wiki/MaritalStatus-v3.1(2020EN)" />
    <name value="zib MaritalStatus-v3.1(2020EN)" />
  </mapping>
  <mapping>
    <identity value="hdbe-LanguageProficiency" />
    <uri value="https://fhir.healthdata.be/StructureDefinition/LogicalModel/HdBe-LanguageProficiency" />
    <name value="HdBe logical model LanguageProficiency" />
  </mapping>
  <mapping>
    <identity value="zib-languageproficiency-v3.2-2020EN" />
    <uri value="https://zibs.nl/wiki/LanguageProficiency-v3.2(2020EN)" />
    <name value="zib LanguageProficiency-v3.2(2020EN)" />
  </mapping>
  <mapping>
    <identity value="hdbe-ContactInformation" />
    <uri value="https://fhir.healthdata.be/StructureDefinition/LogicalModel/HdBe-ContactInformation" />
    <name value="HdBe logical model ContactInformation" />
  </mapping>
  <mapping>
    <identity value="zib-contactinformation-v1.2-2020EN" />
    <uri value="https://zibs.nl/wiki/ContactInformation-v1.2(2020EN)" />
    <name value="zib ContactInformation-v1.2(2020EN)" />
  </mapping>
  <mapping>
    <identity value="hdbe-ContactPerson" />
    <uri value="https://fhir.healthdata.be/StructureDefinition/LogicalModel/HdBe-ContactPerson" />
    <name value="HdBe logical model ContactPerson" />
  </mapping>
  <mapping>
    <identity value="zib-contactperson-v3.4-2020EN" />
    <uri value="https://zibs.nl/wiki/ContactPerson-v3.4(2020EN)" />
    <name value="zib ContactPerson-v3.4(2020EN)" />
  </mapping>
  <kind value="resource" />
  <abstract value="false" />
  <type value="Patient" />
  <baseDefinition value="http://hl7.org/fhir/StructureDefinition/Patient" />
  <derivation value="constraint" />
  <differential>
    <element id="Patient">
      <path value="Patient" />
      <short value="Patient" />
      <alias value="Patient" />
      <mapping>
        <identity value="zib-patient-v3.2-2020EN" />
        <map value="NL-CM:0.1.1" />
        <comment value="Patient" />
      </mapping>
    </element>
    <element id="Patient.extension">
      <path value="Patient.extension" />
      <slicing>
        <discriminator>
          <type value="value" />
          <path value="url" />
        </discriminator>
        <rules value="open" />
      </slicing>
      <min value="0" />
    </element>
    <element id="Patient.extension:nationality">
      <path value="Patient.extension" />
      <sliceName value="nationality" />
      <comment value="Due to the nature of the nationality core extension (which allows for a period to be placed next to the nationality and thus allows for different nationalities over time), the cardinality of the extension is left at 0..* instead of the zib cardinality of 0..1." />
      <min value="0" />
      <type>
        <code value="Extension" />
        <profile value="http://hl7.org/fhir/StructureDefinition/patient-nationality" />
      </type>
    </element>
    <element id="Patient.extension:nationality.extension">
      <path value="Patient.extension.extension" />
      <slicing>
        <discriminator>
          <type value="value" />
          <path value="url" />
        </discriminator>
        <rules value="open" />
      </slicing>
      <min value="0" />
    </element>
    <element id="Patient.extension:nationality.extension:code">
      <path value="Patient.extension.extension" />
      <sliceName value="code" />
      <min value="0" />
    </element>
    <element id="Patient.extension:nationality.extension:code.value[x]">
      <path value="Patient.extension.extension.value[x]" />
      <short value="Nationality" />
      <definition value="Indicates the country of citizenship." />
      <alias value="Nationaliteit" />
      <binding>
        <strength value="extensible" />
        <description value="NationaliteitCodelijst" />
        <valueSet value="https://fhir.healthdata.be/ValueSet/Nationaliteit" />
      </binding>
      <mapping>
        <identity value="zib-nationality-v3.0-2020EN" />
        <map value="NL-CM:7.6.3" />
        <comment value="Nationality" />
      </mapping>
    </element>
    <element id="Patient.identifier">
      <path value="Patient.identifier" />
      <slicing>
        <discriminator>
          <type value="value" />
          <path value="$this" />
        </discriminator>
        <rules value="open" />
      </slicing>
    </element>
    <element id="Patient.identifier:SSIN">
      <path value="Patient.identifier" />
      <sliceName value="SSIN" />
      <short value="PatientIdentificationNumber" />
      <definition value="The patient’s identification number. Typically, when an social security identification number (NISS-INSZ), is available it is used. A local identifier may be provided when this is desired." />
      <alias value="Identificatienummer" />
      <patternIdentifier>
        <system value="https://www.ehealth.fgov.be/standards/fhir/NamingSystem/ssin" />
      </patternIdentifier>
      <mapping>
        <identity value="hdbe-patient" />
        <map value="patient_identification_number" />
      </mapping>
      <mapping>
        <identity value="zib-patient-v3.2-2020EN" />
        <map value="NL-CM:0.1.7" />
        <comment value="PatientIdentificationNumber" />
      </mapping>
    </element>
    <element id="Patient.name">
      <path value="Patient.name" />
      <short value="NameInformation" />
      <definition value="Patient's full name.&#xD;&#xA;The cardinality differs from the zib to allow including several name elements with a different name.use each." />
      <comment value="The cardinality mismatch between the zib (0..1) and FHIR (0..*) is explained by the presence of the HumanName.use element. A full name can be broken into parts using multiple instances of HumanName that have its own value for use." />
      <alias value="Naamgegevens" />
      <type>
        <code value="HumanName" />
        <profile value="https://fhir.healthdata.be/StructureDefinition/HdBe-NameInformation" />
      </type>
      <mapping>
        <identity value="hdbe-patient" />
        <map value="name_information" />
      </mapping>
      <mapping>
        <identity value="zib-patient-v3.2-2020EN" />
        <map value="NL-CM:0.1.6" />
        <comment value="NameInformation" />
      </mapping>
    </element>
    <element id="Patient.telecom">
      <path value="Patient.telecom" />
      <slicing>
        <discriminator>
          <type value="profile" />
          <path value="$this" />
        </discriminator>
        <rules value="open" />
      </slicing>
      <short value="ContactInformation" />
      <definition value="Patient’s telephone number(s) or e-mail address(es)." />
      <comment value="The cardinality mismatch between the zib (0..1) and FHIR (0..*) is explained by the containers inside the ContactInformation model which are 0..*. FHIR ContactPoint does not have these containers." />
      <alias value="Contactgegevens" />
      <mapping>
        <identity value="hdbe-patient" />
        <map value="contact_information" />
      </mapping>
      <mapping>
        <identity value="zib-patient-v3.2-2020EN" />
        <map value="NL-CM:0.1.5" />
        <comment value="ContactInformation" />
      </mapping>
      <mapping>
        <identity value="zib-contactinformation-v1.2-2020EN" />
        <map value="NL-CM:20.6.1" />
        <comment value="ContactInformation" />
      </mapping>
    </element>
    <element id="Patient.telecom:telephoneNumbers">
      <path value="Patient.telecom" />
      <sliceName value="telephoneNumbers" />
      <type>
        <code value="ContactPoint" />
        <profile value="https://fhir.healthdata.be/StructureDefinition/HdBe-ContactInformation-TelephoneNumbers" />
      </type>
    </element>
    <element id="Patient.telecom:emailAddresses">
      <path value="Patient.telecom" />
      <sliceName value="emailAddresses" />
      <type>
        <code value="ContactPoint" />
        <profile value="https://fhir.healthdata.be/StructureDefinition/HdBe-ContactInformation-EmailAddresses" />
      </type>
    </element>
    <element id="Patient.gender">
      <path value="Patient.gender" />
      <short value="Gender" />
      <definition value="Patient’s administrative gender. The gender that that the patient is considered to have for administration and record keeping purposes. Note that the gender might not match the biological sex as determined by genetics or the individual's preferred identification. The Observation resource can deal with specific sex or gender aspect of interest." />
      <alias value="Geslacht" />
      <binding>
        <strength value="required" />
        <description value="Use ConceptMap 'GenderCodelijst-to-AdministrativeGender' to translate zib terminology to profile terminology in ValueSet 'AdministrativeGender'" />
        <valueSet value="http://hl7.org/fhir/ValueSet/administrative-gender|4.0.1">
          <extension url="http://hl7.org/fhir/StructureDefinition/11179-permitted-value-conceptmap">
            <valueCanonical value="https://fhir.healthdata.be/ConceptMap/Geslacht-to-AdministrativeGender" />
          </extension>
        </valueSet>
      </binding>
      <mapping>
        <identity value="hdbe-patient" />
        <map value="gender" />
      </mapping>
      <mapping>
        <identity value="zib-patient-v3.2-2020EN" />
        <map value="NL-CM:0.1.9" />
        <comment value="Gender" />
      </mapping>
    </element>
    <element id="Patient.gender.extension">
      <path value="Patient.gender.extension" />
      <slicing>
        <discriminator>
          <type value="value" />
          <path value="url" />
        </discriminator>
        <rules value="open" />
      </slicing>
      <min value="0" />
    </element>
    <element id="Patient.gender.extension:genderCodelist">
      <path value="Patient.gender.extension" />
      <sliceName value="genderCodelist" />
      <min value="0" />
      <max value="1" />
      <type>
        <code value="Extension" />
        <profile value="https://fhir.healthdata.be/StructureDefinition/ext-CodeSpecification" />
      </type>
    </element>
    <element id="Patient.gender.extension:genderCodelist.url">
      <path value="Patient.gender.extension.url" />
      <fixedUri value="https://fhir.healthdata.be/StructureDefinition/ext-CodeSpecification" />
    </element>
    <element id="Patient.gender.extension:genderCodelist.value[x]">
      <path value="Patient.gender.extension.value[x]" />
      <short value="Gender" />
      <definition value="Patient’s administrative gender." />
      <alias value="Geslacht" />
      <binding>
        <strength value="required" />
        <description value="GenderCodelist" />
        <valueSet value="https://fhir.healthdata.be/ValueSet/Gender" />
      </binding>
      <mapping>
        <identity value="hdbe-patient" />
        <map value="gender" />
      </mapping>
      <mapping>
        <identity value="zib-patient-v3.2-2020EN" />
        <map value="NL-CM:0.1.9" />
        <comment value="Gender" />
      </mapping>
    </element>
    <element id="Patient.birthDate">
      <path value="Patient.birthDate" />
      <short value="DateOfBirth" />
      <definition value="Patient’s date of birth. The date of birth is mandatory for a patient. A vague date (such as only the year) is permitted." />
      <alias value="Geboortedatum" />
      <mapping>
        <identity value="hdbe-patient" />
        <map value="date_of_birth" />
      </mapping>
      <mapping>
        <identity value="zib-patient-v3.2-2020EN" />
        <map value="NL-CM:0.1.10" />
        <comment value="DateOfBirth" />
      </mapping>
    </element>
    <element id="Patient.deceased[x]">
      <path value="Patient.deceased[x]" />
      <slicing>
        <discriminator>
          <type value="type" />
          <path value="$this" />
        </discriminator>
        <rules value="open" />
      </slicing>
    </element>
    <element id="Patient.deceased[x]:deceasedBoolean">
      <path value="Patient.deceased[x]" />
      <sliceName value="deceasedBoolean" />
      <short value="DeathIndicator" />
      <definition value="An indication stating whether the patient has died." />
      <alias value="OverlijdensIndicator" />
      <type>
        <code value="boolean" />
      </type>
      <mapping>
        <identity value="hdbe-patient" />
        <map value="death_indicator" />
      </mapping>
      <mapping>
        <identity value="zib-patient-v3.2-2020EN" />
        <map value="NL-CM:0.1.32" />
        <comment value="DeathIndicator" />
      </mapping>
    </element>
    <element id="Patient.deceased[x]:deceasedDateTime">
      <path value="Patient.deceased[x]" />
      <sliceName value="deceasedDateTime" />
      <short value="DateOfDeath" />
      <definition value="The date on which the patient died. A ‘vague’ date, such as only the year, is permitted." />
      <comment value="The zib recognizes both the DeathIndicator (boolean) and DateOfDeath (datetime) concepts, whereas in FHIR only one of these concepts may be present. Therefore, if deceasedDateTime is present and has a value, its value can be mapped to DateOfDeath and DeathIndicator is assumed to be true." />
      <alias value="DatumOverlijden" />
      <alias value="OverlijdensIndicator" />
      <type>
        <code value="dateTime" />
      </type>
      <mapping>
        <identity value="hdbe-patient" />
        <map value="date_of_death" />
      </mapping>
      <mapping>
        <identity value="zib-patient-v3.2-2020EN" />
        <map value="NL-CM:0.1.33" />
        <comment value="DateOfDeath" />
      </mapping>
      <mapping>
        <identity value="zib-patient-v3.2-2020EN" />
        <map value="NL-CM:0.1.32" />
        <comment value="DeathIndicator" />
      </mapping>
    </element>
    <element id="Patient.address">
      <path value="Patient.address" />
      <short value="AddressInformation" />
      <definition value="Patient's address information." />
      <alias value="Adresgegevens" />
      <type>
        <code value="Address" />
        <profile value="https://fhir.healthdata.be/StructureDefinition/HdBe-AddressInformation" />
      </type>
      <mapping>
        <identity value="hdbe-patient" />
        <map value="address_information" />
      </mapping>
      <mapping>
        <identity value="zib-patient-v3.2-2020EN" />
        <map value="NL-CM:0.1.4" />
        <comment value="AddressInformation" />
      </mapping>
    </element>
    <element id="Patient.maritalStatus">
      <path value="Patient.maritalStatus" />
      <short value="MaritalStatus" />
      <definition value="A person’s marital status according to the terms and definition in the Dutch civil code." />
      <alias value="BurgerlijkeStaat" />
      <binding>
        <strength value="required" />
        <description value="BurgerlijkeStaatCodelijst" />
        <valueSet value="https://fhir.healthdata.be/ValueSet/BurgerlijkeStaat" />
      </binding>
      <mapping>
        <identity value="zib-maritalstatus-v3.1-2020EN" />
        <map value="NL-CM:7.9.2" />
        <comment value="MaritalStatus" />
      </mapping>
    </element>
    <element id="Patient.multipleBirth[x]">
      <path value="Patient.multipleBirth[x]" />
      <slicing>
        <discriminator>
          <type value="type" />
          <path value="$this" />
        </discriminator>
        <rules value="open" />
      </slicing>
    </element>
    <element id="Patient.multipleBirth[x]:multipleBirthBoolean">
      <path value="Patient.multipleBirth[x]" />
      <sliceName value="multipleBirthBoolean" />
      <short value="MultipleBirthIndicator" />
      <definition value="An indication stating whether the patient is of a multiple birth." />
      <alias value="MeerlingIndicator" />
      <type>
        <code value="boolean" />
      </type>
      <mapping>
        <identity value="hdbe-patient" />
        <map value="multiple_birth_indicator" />
      </mapping>
      <mapping>
        <identity value="zib-patient-v3.2-2020EN" />
        <map value="NL-CM:0.1.31" />
        <comment value="MultipleBirthIndicator" />
      </mapping>
    </element>
    <element id="Patient.multipleBirth[x]:multipleBirthInteger">
      <path value="Patient.multipleBirth[x]" />
      <sliceName value="multipleBirthInteger" />
      <short value="MultipleBirthOrder" />
      <definition value="An indication of the birth order in case the patient is of a multiple birth." />
      <type>
        <code value="integer" />
      </type>
      <mapping>
        <identity value="hdbe-patient" />
        <map value="multiple_birth_order" />
      </mapping>
    </element>
    <element id="Patient.contact">
      <path value="Patient.contact" />
      <short value="Contact" />
      <comment value="Whereas the zib ContactPerson includes all (non-healthcare professional) persons that are involved in the care for a patient, FHIR distinguishes two use cases for these persons:&#xD;&#xA;&#xD;&#xA;* The RelatedPerson resource is used to capture information about any person that is related to the patient, using the profile &lt;https://fhir.healthdata.be/StructureDefinition/HdBe-ContactPerson&gt;.&#xD;&#xA;* Information about persons that should be _contacted_ regarding the care for the patient is captured using the `Patient.contact` resource.&#xD;&#xA;&#xD;&#xA;If a person is both a related person and a contact person, then some data duplication is inevitable. The zib-ContactPerson can be referenced using the extension in `contact:contactPerson`." />
      <alias value="Contactpersoon" />
      <mapping>
        <identity value="zib-contactperson-v3.4-2020EN" />
        <map value="NL-CM:3.1.1" />
        <comment value="Contact" />
      </mapping>
    </element>
    <element id="Patient.contact.extension">
      <path value="Patient.contact.extension" />
      <slicing>
        <discriminator>
          <type value="value" />
          <path value="url" />
        </discriminator>
        <rules value="open" />
      </slicing>
      <min value="0" />
    </element>
    <element id="Patient.contact.extension:contactPerson">
      <path value="Patient.contact.extension" />
      <sliceName value="contactPerson" />
      <min value="0" />
      <max value="1" />
      <type>
        <code value="Extension" />
        <profile value="http://hl7.org/fhir/StructureDefinition/patient-relatedPerson" />
      </type>
    </element>
    <element id="Patient.contact.extension:contactPerson.value[x]">
      <path value="Patient.contact.extension.value[x]" />
      <short value="Contact" />
      <definition value="Reference to a [zib-ContactPerson](http://nictiz.nl/fhir/StructureDefinition/zib-ContactPerson) instance containing the full details for the current contact." />
      <alias value="Contactpersoon" />
      <type>
        <code value="Reference" />
        <targetProfile value="http://hl7.org/fhir/StructureDefinition/RelatedPerson" />
        <targetProfile value="https://fhir.healthdata.be/StructureDefinition/HdBe-ContactPerson" />
      </type>
      <mapping>
        <identity value="zib-contactperson-v3.4-2020EN" />
        <map value="NL-CM:3.1.1" />
        <comment value="Contact" />
      </mapping>
    </element>
    <element id="Patient.contact.relationship">
      <path value="Patient.contact.relationship" />
      <slicing>
        <discriminator>
          <type value="value" />
          <path value="$this" />
        </discriminator>
        <rules value="open" />
      </slicing>
    </element>
    <element id="Patient.contact.relationship:role">
      <path value="Patient.contact.relationship" />
      <sliceName value="role" />
      <short value="Role" />
      <definition value="Defines the role of the contact in relation to the patient." />
      <alias value="Rol" />
      <binding>
        <strength value="required" />
        <description value="RolCodelijst" />
        <valueSet value="https://fhir.healthdata.be/ValueSet/Rol" />
      </binding>
      <mapping>
        <identity value="zib-contactperson-v3.4-2020EN" />
        <map value="NL-CM:3.1.2" />
        <comment value="Role" />
      </mapping>
    </element>
    <element id="Patient.contact.relationship:relationship">
      <path value="Patient.contact.relationship" />
      <sliceName value="relationship" />
      <short value="Relationship" />
      <definition value="Defines the contact’s familial relationship to the patient." />
      <alias value="Relatie" />
      <binding>
        <strength value="required" />
        <description value="RelatieCodelijst" />
        <valueSet value="https://fhir.healthdata.be/ValueSet/Relatie" />
      </binding>
      <mapping>
        <identity value="zib-contactperson-v3.4-2020EN" />
        <map value="NL-CM:3.1.3" />
        <comment value="Relationship" />
      </mapping>
    </element>
    <element id="Patient.contact.name">
      <path value="Patient.contact.name" />
      <short value="NameInformation" />
      <definition value="Full name of the contact." />
      <comment value="The cardinality mismatch between the zib (0..1) and FHIR (0..*) is explained by the presence of the HumanName.use element. A full name can be broken into parts using multiple instances of HumanName that have its own value for use." />
      <alias value="Naamgegevens" />
      <type>
        <code value="HumanName" />
        <profile value="https://fhir.healthdata.be/StructureDefinition/HdBe-NameInformation" />
      </type>
      <mapping>
        <identity value="zib-contactperson-v3.4-2020EN" />
        <map value="NL-CM:3.1.4" />
        <comment value="NameInformation" />
      </mapping>
    </element>
    <element id="Patient.contact.telecom">
      <path value="Patient.contact.telecom" />
      <slicing>
        <discriminator>
          <type value="profile" />
          <path value="$this" />
        </discriminator>
        <rules value="open" />
      </slicing>
      <short value="ContactInformation" />
      <definition value="The contact’s telephone number and/or e-mail address." />
      <comment value="The cardinality mismatch between the zib (0..1) and FHIR (0..*) is explained by the containers TelephoneNumbers (0..*) and EmailAddresses (0..*) inside the ContactInformation model. The FHIR datatype ContactPoint does not have these containers." />
      <alias value="Contactgegevens" />
      <mapping>
        <identity value="zib-contactperson-v3.4-2020EN" />
        <map value="NL-CM:3.1.6" />
        <comment value="ContactInformation" />
      </mapping>
      <mapping>
        <identity value="zib-contactinformation-v1.2-2020EN" />
        <map value="NL-CM:20.6.1" />
        <comment value="ContactInformation" />
      </mapping>
    </element>
    <element id="Patient.contact.telecom:telephoneNumbers">
      <path value="Patient.contact.telecom" />
      <sliceName value="telephoneNumbers" />
      <type>
        <code value="ContactPoint" />
        <profile value="https://fhir.healthdata.be/StructureDefinition/HdBe-ContactInformation-TelephoneNumbers" />
      </type>
    </element>
    <element id="Patient.contact.telecom:emailAddresses">
      <path value="Patient.contact.telecom" />
      <sliceName value="emailAddresses" />
      <type>
        <code value="ContactPoint" />
        <profile value="https://fhir.healthdata.be/StructureDefinition/HdBe-ContactInformation-EmailAddresses" />
      </type>
    </element>
    <element id="Patient.contact.address">
      <path value="Patient.contact.address" />
      <short value="AddressInformation" />
      <definition value="Contact’s address information." />
      <comment value="This element can and should not completely capture the AddressInformation concept from zib ContactPerson; it should just be used for the information that is needed for contacting the person in relation to care of the patient. The full address information should instead be captured using an instance of [zib-ContactPerson](http://nictiz.nl/fhir/StructureDefintion/zib-ContactPerson), which can then be referenced from this resource. See the comment on `Patient.contact` for more information." />
      <alias value="Adresgegevens" />
      <type>
        <code value="Address" />
        <profile value="https://fhir.healthdata.be/StructureDefinition/HdBe-AddressInformation" />
      </type>
      <mapping>
        <identity value="zib-contactperson-v3.4-2020EN" />
        <map value="NL-CM:3.1.5" />
        <comment value="AddressInformation" />
      </mapping>
    </element>
    <element id="Patient.communication">
      <path value="Patient.communication" />
      <short value="LanguageProficiency" />
      <definition value="Root concept of the LanguageProficiency information model. This concept contains all data elements of the LanguageProficiency information model." />
      <alias value="Taalvaardigheid" />
      <mapping>
        <identity value="zib-languageproficiency-v3.2-2020EN" />
        <map value="NL-CM:7.12.1" />
        <comment value="LanguageProficiency" />
      </mapping>
    </element>
    <element id="Patient.communication.extension">
      <path value="Patient.communication.extension" />
      <slicing>
        <discriminator>
          <type value="value" />
          <path value="url" />
        </discriminator>
        <rules value="open" />
      </slicing>
    </element>
    <element id="Patient.communication.extension:languageControl">
      <path value="Patient.communication.extension" />
      <sliceName value="languageControl" />
      <short value="LanguageControlListening / LanguageControlSpeaking / LanguageControlReading" />
      <definition value="The ability to understand spoken text in the language in question.&#xD;&#xA;The ability to express oneself in spoken language.&#xD;&#xA;The ability to understand written text in he language in question." />
      <comment value="The zib concepts LanguageControlListening, LanguageControlReading, LanguageControlSpeaking are captured using a core extension from the R4 FHIR specification. Each of these three concepts is encoded as a copy of the extension, typed using the code in the type slice according to the following mapping:&#xD;&#xA;* LanguageControlListening maps to code 'RSP' (Received spoken)&#xD;&#xA;* LanguageControlReading maps to code 'RWR' (Received written)&#xD;&#xA;* LanguageControlSpeaking maps to code 'ESP' (Expressed spoken)" />
      <alias value="TaalvaardigheidBegrijpen" />
      <alias value="TaalvaardigheidSpreken" />
      <alias value="TaalvaardigheidLezen" />
      <type>
        <code value="Extension" />
        <profile value="http://hl7.org/fhir/StructureDefinition/patient-proficiency" />
      </type>
      <mapping>
        <identity value="zib-languageproficiency-v3.2-2020EN" />
        <map value="NL-CM:7.12.6" />
        <comment value="LanguageControlListening" />
      </mapping>
      <mapping>
        <identity value="zib-languageproficiency-v3.2-2020EN" />
        <map value="NL-CM:7.12.7" />
        <comment value="LanguageControlSpeaking" />
      </mapping>
      <mapping>
        <identity value="zib-languageproficiency-v3.2-2020EN" />
        <map value="NL-CM:7.12.8" />
        <comment value="LanguageControlReading" />
      </mapping>
    </element>
    <element id="Patient.communication.extension:languageControl.extension">
      <path value="Patient.communication.extension.extension" />
      <slicing>
        <discriminator>
          <type value="value" />
          <path value="url" />
        </discriminator>
        <rules value="open" />
      </slicing>
    </element>
    <element id="Patient.communication.extension:languageControl.extension:level">
      <path value="Patient.communication.extension.extension" />
      <sliceName value="level" />
      <min value="1" />
    </element>
    <element id="Patient.communication.extension:languageControl.extension:level.value[x]">
      <path value="Patient.communication.extension.extension.value[x]" />
      <comment value="The zib ValueSets TaalvaardigheidBegrijpenCodelijst, TaalvaardigheidSprekenCodelijst and TaalvaardigheidLezenCodelijst are equal to the default FHIR ValueSet." />
      <binding>
        <strength value="required" />
      </binding>
    </element>
    <element id="Patient.communication.extension:languageControl.extension:type">
      <path value="Patient.communication.extension.extension" />
      <sliceName value="type" />
      <min value="1" />
      <max value="1" />
    </element>
    <element id="Patient.communication.extension:communicationDetails">
      <path value="Patient.communication.extension" />
      <sliceName value="communicationDetails" />
      <type>
        <code value="Extension" />
        <profile value="https://fhir.healthdata.be/StructureDefinition/ext-LanguageProficiency.CommunicationDetails" />
      </type>
    </element>
    <element id="Patient.communication.extension:comment">
      <path value="Patient.communication.extension" />
      <sliceName value="comment" />
      <max value="1" />
      <type>
        <code value="Extension" />
        <profile value="https://fhir.healthdata.be/StructureDefinition/ext-Comment" />
      </type>
    </element>
    <element id="Patient.communication.extension:comment.value[x]">
      <path value="Patient.communication.extension.value[x]" />
      <short value="Comment" />
      <definition value="A comment on the linguistic proficiency. When using sign language, this field can be used to clarify, for example, which sign language is used. This can be informative, as there is not always a one-to-one relationship between the spoken language and sign language." />
      <alias value="Toelichting" />
      <mapping>
        <identity value="zib-languageproficiency-v3.2-2020EN" />
        <map value="NL-CM:7.12.5" />
        <comment value="Comment" />
      </mapping>
    </element>
    <element id="Patient.communication.language">
      <path value="Patient.communication.language" />
      <short value="CommunicationLanguage" />
      <definition value="The language of communication." />
      <alias value="CommunicatieTaal" />
      <binding>
        <strength value="required" />
        <description value="CommunicatieTaalCodelijst" />
        <valueSet value="https://fhir.healthdata.be/ValueSet/CommunicatieTaal" />
      </binding>
      <mapping>
        <identity value="zib-languageproficiency-v3.2-2020EN" />
        <map value="NL-CM:7.12.3" />
        <comment value="CommunicationLanguage" />
      </mapping>
    </element>
  </differential>
</StructureDefinition>